acc_within_10deg,acc_within_15deg,acc_within_5deg,f1,false_alarms,k,mae_deg_matched,matched_errors_deg,median_ae_deg,method,misses,n_matched,n_pred,n_true,precision,pred_doas_deg,recall,rmse_deg_matched,run_id,runtime_seconds,scene_id,scene_path,scene_type,status,true_doas_deg
1.0,1.0,1.0,1.0,0,1,0.2948353798777994,[0.2948353798777994],0.2948353798777994,SSZ,0,1,1,1,1.0,[23.5],1.0,0.2948353798777994,20260211_235629,1.6532749609905295,library_k1_scene01,simulation/simulations/configs/library_scene/library_k1_scene01.json,library,ok,[23.7948353798778]
1.0,1.0,1.0,1.0,0,1,1.7948353798777994,[1.7948353798777994],1.7948353798777994,SRP-PHAT,0,1,1,1,1.0,[22.0],1.0,1.7948353798777994,20260211_235629,0.2851879410154652,library_k1_scene01,simulation/simulations/configs/library_scene/library_k1_scene01.json,library,ok,[23.7948353798778]
1.0,1.0,1.0,1.0,0,1,0.7948353798777994,[0.7948353798777994],0.7948353798777994,GMDA,0,1,1,1,1.0,[23.0],1.0,0.7948353798777994,20260211_235629,0.7013998219917994,library_k1_scene01,simulation/simulations/configs/library_scene/library_k1_scene01.json,library,ok,[23.7948353798778]
1.0,1.0,1.0,1.0,0,1,1.8401917459099124,[1.8401917459099124],1.8401917459099124,SSZ,0,1,1,1,1.0,[49.5],1.0,1.8401917459099124,20260211_235629,0.7601116530131549,library_k1_scene07,simulation/simulations/configs/library_scene/library_k1_scene07.json,library,ok,[51.34019174590991]
1.0,1.0,1.0,1.0,0,1,3.3401917459099053,[3.3401917459099053],3.3401917459099053,SRP-PHAT,0,1,1,1,1.0,[48.00000000000001],1.0,3.3401917459099053,20260211_235629,0.26686683599837124,library_k1_scene07,simulation/simulations/configs/library_scene/library_k1_scene07.json,library,ok,[51.34019174590991]
1.0,1.0,1.0,1.0,0,1,1.6598082540900805,[1.6598082540900805],1.6598082540900805,GMDA,0,1,1,1,1.0,[53.0],1.0,1.6598082540900805,20260211_235629,0.684528047015192,library_k1_scene07,simulation/simulations/configs/library_scene/library_k1_scene07.json,library,ok,[51.34019174590991]
1.0,1.0,1.0,1.0,0,1,0.49346885628261816,[0.49346885628261816],0.49346885628261816,SSZ,0,1,1,1,1.0,[269.50000000000006],1.0,0.49346885628261816,20260211_235629,0.8210474690131377,library_k1_scene14,simulation/simulations/configs/library_scene/library_k1_scene14.json,library,ok,[269.00653114371744]
1.0,1.0,1.0,1.0,0,1,0.006531143717438681,[0.006531143717438681],0.006531143717438681,SRP-PHAT,0,1,1,1,1.0,[269.0],1.0,0.006531143717438681,20260211_235629,0.27804271900095046,library_k1_scene14,simulation/simulations/configs/library_scene/library_k1_scene14.json,library,ok,[269.00653114371744]
1.0,1.0,1.0,1.0,0,1,1.0065311437174387,[1.0065311437174387],1.0065311437174387,GMDA,0,1,1,1,1.0,[268.0],1.0,1.0065311437174387,20260211_235629,0.6620793470065109,library_k1_scene14,simulation/simulations/configs/library_scene/library_k1_scene14.json,library,ok,[269.00653114371744]
1.0,1.0,1.0,1.0,0,1,0.3018720514908466,[0.3018720514908466],0.3018720514908466,SSZ,0,1,1,1,1.0,[197.5],1.0,0.3018720514908466,20260211_235629,0.8966134499933105,library_k1_scene15,simulation/simulations/configs/library_scene/library_k1_scene15.json,library,ok,[197.80187205149085]
1.0,1.0,1.0,1.0,0,1,1.8018720514908466,[1.8018720514908466],1.8018720514908466,SRP-PHAT,0,1,1,1,1.0,[196.0],1.0,1.8018720514908466,20260211_235629,0.27112892500008456,library_k1_scene15,simulation/simulations/configs/library_scene/library_k1_scene15.json,library,ok,[197.80187205149085]
1.0,1.0,1.0,1.0,0,1,0.6981279485091818,[0.6981279485091818],0.6981279485091818,GMDA,0,1,1,1,1.0,[198.5],1.0,0.6981279485091818,20260211_235629,0.6830322759924456,library_k1_scene15,simulation/simulations/configs/library_scene/library_k1_scene15.json,library,ok,[197.80187205149085]
1.0,1.0,1.0,1.0,0,1,2.1459742484832987,[2.1459742484832987],2.1459742484832987,SSZ,0,1,1,1,1.0,[305.50000000000006],1.0,2.1459742484832987,20260211_235629,0.819240679993527,library_k1_scene17,simulation/simulations/configs/library_scene/library_k1_scene17.json,library,ok,[303.35402575151676]
1.0,1.0,1.0,1.0,0,1,2.645974248483242,[2.645974248483242],2.645974248483242,SRP-PHAT,0,1,1,1,1.0,[306.0],1.0,2.645974248483242,20260211_235629,0.2673787359963171,library_k1_scene17,simulation/simulations/configs/library_scene/library_k1_scene17.json,library,ok,[303.35402575151676]
1.0,1.0,1.0,1.0,0,1,1.3540257515167582,[1.3540257515167582],1.3540257515167582,GMDA,0,1,1,1,1.0,[302.0],1.0,1.3540257515167582,20260211_235629,0.6781728870118968,library_k1_scene17,simulation/simulations/configs/library_scene/library_k1_scene17.json,library,ok,[303.35402575151676]
0.5,0.5,0.5,1.0,0,2,37.89439875837792,"[75.7163670890825, 0.07243042767333918]",37.89439875837792,SSZ,0,2,2,2,1.0,"[284.5, 316.5]",1.0,53.53958111218068,20260211_235629,0.9330256340035703,library_k2_scene05,simulation/simulations/configs/library_scene/library_k2_scene05.json,library,ok,"[208.78363291091748, 316.57243042767334]"
1.0,1.0,0.5,1.0,0,2,3.8219683307045784,"[5.216367089082496, 2.427569572326661]",3.8219683307045784,SRP-PHAT,0,2,2,2,1.0,"[319.0, 214.0]",1.0,4.06838909376606,20260211_235629,0.40687893400900066,library_k2_scene05,simulation/simulations/configs/library_scene/library_k2_scene05.json,library,ok,"[208.78363291091748, 316.57243042767334]"
0.5,0.5,0.5,1.0,0,2,34.64439875837792,"[69.2163670890825, 0.07243042767333918]",34.64439875837792,GMDA,0,2,2,2,1.0,"[316.5, 278.0]",1.0,48.94338933491159,20260211_235629,1.1464274559984915,library_k2_scene05,simulation/simulations/configs/library_scene/library_k2_scene05.json,library,ok,"[208.78363291091748, 316.57243042767334]"
1.0,1.0,1.0,1.0,0,2,0.4126795333382347,"[0.101043372631068, 0.7243156940454014]",0.4126795333382347,SSZ,0,2,2,2,1.0,"[51.5, 308.50000000000006]",1.0,0.5171281213554009,20260211_235629,0.8107793560193386,library_k2_scene06,simulation/simulations/configs/library_scene/library_k2_scene06.json,library,ok,"[51.398956627368925, 307.77568430595466]"
0.5,0.5,0.5,1.0,0,2,14.188363839292862,"[0.601043372631068, 27.775684305954655]",14.188363839292862,SRP-PHAT,0,2,2,2,1.0,"[52.0, 280.0]",1.0,19.64497253497494,20260211_235629,0.3639857420057524,library_k2_scene06,simulation/simulations/configs/library_scene/library_k2_scene06.json,library,ok,"[51.398956627368925, 307.77568430595466]"
0.5,0.5,0.5,1.0,0,2,11.438363839292862,"[2.101043372631068, 20.775684305954655]",11.438363839292862,GMDA,0,2,2,2,1.0,"[53.5, 287.0]",1.0,14.765558601596615,20260211_235629,1.1702384669915773,library_k2_scene06,simulation/simulations/configs/library_scene/library_k2_scene06.json,library,ok,"[51.398956627368925, 307.77568430595466]"
1.0,1.0,1.0,0.6666666666666666,0,2,0.4114718458048401,[0.4114718458048401],0.4114718458048401,SSZ,1,1,1,2,1.0,[51.5],0.5,0.4114718458048401,20260211_235629,1.065487749001477,library_k2_scene08,simulation/simulations/configs/library_scene/library_k2_scene08.json,library,ok,"[191.257702972067, 51.08852815419518]"
0.5,0.5,0.5,1.0,0,2,40.32688443686891,"[79.74229702793298, 0.9114718458048401]",40.32688443686891,SRP-PHAT,0,2,2,2,1.0,"[52.0, 271.0]",1.0,56.3900022886007,20260211_235629,0.693652347981697,library_k2_scene08,simulation/simulations/configs/library_scene/library_k2_scene08.json,library,ok,"[191.257702972067, 51.08852815419518]"
1.0,1.0,1.0,1.0,0,2,0.5768844368689372,"[0.7422970279330343, 0.4114718458048401]",0.5768844368689372,GMDA,0,2,2,2,1.0,"[51.5, 192.00000000000003]",1.0,0.6001308013959366,20260211_235629,2.0445910159905907,library_k2_scene08,simulation/simulations/configs/library_scene/library_k2_scene08.json,library,ok,"[191.257702972067, 51.08852815419518]"
1.0,1.0,1.0,1.0,0,2,2.7506154805099925,"[3.302513953935488, 2.198717007084497]",2.7506154805099925,SSZ,0,2,2,2,1.0,"[168.5, 257.49999999999994]",1.0,2.805437122195151,20260211_235629,0.8525335430167615,library_k2_scene34,simulation/simulations/configs/library_scene/library_k2_scene34.json,library,ok,"[254.19748604606445, 166.30128299291553]"
0.0,0.0,0.0,1.0,0,2,73.24938451948998,"[85.19748604606445, 61.30128299291552]",73.24938451948998,SRP-PHAT,0,2,2,2,1.0,"[169.0, 105.00000000000001]",1.0,74.21744715748063,20260211_235629,0.3349131050053984,library_k2_scene34,simulation/simulations/configs/library_scene/library_k2_scene34.json,library,ok,"[254.19748604606445, 166.30128299291553]"
1.0,1.0,1.0,1.0,0,2,1.500615480510021,"[2.302513953935545, 0.6987170070844968]",1.500615480510021,GMDA,0,2,2,2,1.0,"[167.0, 256.5]",1.0,1.7014370344001881,20260211_235629,1.1450346519995946,library_k2_scene34,simulation/simulations/configs/library_scene/library_k2_scene34.json,library,ok,"[254.19748604606445, 166.30128299291553]"
1.0,1.0,1.0,0.6666666666666666,0,2,0.3156265294911691,[0.3156265294911691],0.3156265294911691,SSZ,1,1,1,2,1.0,[174.49999999999997],0.5,0.3156265294911691,20260211_235629,1.0609855410002638,library_k2_scene37,simulation/simulations/configs/library_scene/library_k2_scene37.json,library,ok,"[174.18437347050877, 160.11483488614456]"
0.5,0.5,0.5,1.0,0,2,28.64960417832667,"[3.184373470508774, 54.114834886144564]",28.64960417832667,SRP-PHAT,0,2,2,2,1.0,"[171.0, 106.0]",1.0,38.33115957777934,20260211_235629,0.3442416150064673,library_k2_scene37,simulation/simulations/configs/library_scene/library_k2_scene37.json,library,ok,"[174.18437347050877, 160.11483488614456]"
0.5,0.5,0.0,1.0,0,2,34.89960417832666,"[5.684373470508774, 64.11483488614455]",34.89960417832666,GMDA,0,2,2,2,1.0,"[168.5, 96.00000000000001]",1.0,45.51386686620794,20260211_235629,1.0903842360130511,library_k2_scene37,simulation/simulations/configs/library_scene/library_k2_scene37.json,library,ok,"[174.18437347050877, 160.11483488614456]"
1.0,1.0,0.6666666666666666,1.0,0,3,3.259513951093595,"[0.12175353083620166, 9.634533312519352, 0.02225500992523166]",0.12175353083620166,SSZ,0,3,3,3,1.0,"[203.5, 350.5, 170.5]",1.0,5.562959385009115,20260211_235629,0.9653635439753998,library_k3_scene01,simulation/simulations/configs/library_scene/library_k3_scene01.json,library,ok,"[170.3782464691638, 193.86546668748062, 350.47774499007477]"
0.3333333333333333,0.3333333333333333,0.3333333333333333,1.0,0,3,29.74467727781011,"[23.6217535308362, 64.13453331251935, 1.4777449900747683]",23.6217535308362,SRP-PHAT,0,3,3,3,1.0,"[194.0, 349.0, 258.0]",1.0,39.46901456983659,20260211_235629,0.3728632430138532,library_k3_scene01,simulation/simulations/configs/library_scene/library_k3_scene01.json,library,ok,"[170.3782464691638, 193.86546668748062, 350.47774499007477]"
1.0,1.0,0.6666666666666666,1.0,0,3,3.4261806177602807,"[4.121753530836202, 6.134533312519352, 0.022255009925288505]",4.121753530836202,GMDA,0,3,3,3,1.0,"[200.0, 350.50000000000006, 174.5]",1.0,4.266999196032934,20260211_235629,1.696196422999492,library_k3_scene01,simulation/simulations/configs/library_scene/library_k3_scene01.json,library,ok,"[170.3782464691638, 193.86546668748062, 350.47774499007477]"
1.0,1.0,1.0,1.0,0,3,1.00449546708235,"[1.1526236884596983, 0.293775628803175, 1.5670870839841768]",1.1526236884596983,SSZ,0,3,3,3,1.0,"[230.5, 116.5, 71.5]",1.0,1.1358707990006567,20260211_235629,0.8446937410044484,library_k3_scene02,simulation/simulations/configs/library_scene/library_k3_scene02.json,library,ok,"[231.6526236884597, 116.79377562880317, 69.93291291601584]"
0.3333333333333333,0.3333333333333333,0.0,1.0,0,3,40.20689592224043,"[6.347376311540302, 68.20622437119681, 46.06708708398418]",46.06708708398418,SRP-PHAT,0,3,3,3,1.0,"[238.0, 185.0, 116.00000000000001]",1.0,47.66044740808926,20260211_235629,0.3686424089828506,library_k3_scene02,simulation/simulations/configs/library_scene/library_k3_scene02.json,library,ok,"[231.6526236884597, 116.79377562880317, 69.93291291601584]"
1.0,1.0,0.6666666666666666,1.0,0,3,4.736079674775884,"[1.8473763115403017, 4.793775628803175, 7.567087083984177]",4.793775628803175,GMDA,0,3,3,3,1.0,"[233.49999999999997, 112.0, 77.5]",1.0,5.280589959223233,20260211_235629,1.704803869011812,library_k3_scene02,simulation/simulations/configs/library_scene/library_k3_scene02.json,library,ok,"[231.6526236884597, 116.79377562880317, 69.93291291601584]"
1.0,1.0,1.0,1.0,0,3,2.137536674733402,"[2.796218393034394, 2.750505507133198, 0.8658861240326132]",2.750505507133198,SSZ,0,3,3,3,1.0,"[127.50000000000001, 161.5, 74.5]",1.0,2.3190426635507824,20260211_235629,0.8756971659895498,library_k3_scene05,simulation/simulations/configs/library_scene/library_k3_scene05.json,library,ok,"[71.7037816069656, 158.74949449286677, 126.63411387596742]"
0.3333333333333333,0.3333333333333333,0.3333333333333333,1.0,0,3,45.19613366335542,"[20.703781606965606, 114.25050550713323, 0.6341138759674152]",20.703781606965606,SRP-PHAT,0,3,3,3,1.0,"[126.0, 273.0, 51.0]",1.0,67.03786661748741,20260211_235629,0.36801010600174777,library_k3_scene05,simulation/simulations/configs/library_scene/library_k3_scene05.json,library,ok,"[71.7037816069656, 158.74949449286677, 126.63411387596742]"
1.0,1.0,0.6666666666666666,1.0,0,3,1.9708700080667352,"[5.296218393034394, 0.2505055071331981, 0.3658861240326132]",0.3658861240326132,GMDA,0,3,3,3,1.0,"[127.00000000000001, 77.0, 159.0]",1.0,3.068471657116372,20260211_235629,1.6985482810123358,library_k3_scene05,simulation/simulations/configs/library_scene/library_k3_scene05.json,library,ok,"[71.7037816069656, 158.74949449286677, 126.63411387596742]"
1.0,1.0,1.0,1.0,0,3,2.1312452107928643,"[4.673385249693865, 1.2992757241340769, 0.4210746585506513]",1.2992757241340769,SSZ,0,3,3,3,1.0,"[89.5, 269.50000000000006, 123.5]",1.0,2.8110467188963537,20260211_235629,0.8168333389912732,library_k3_scene13,simulation/simulations/configs/library_scene/library_k3_scene13.json,library,ok,"[118.82661475030616, 88.20072427586592, 269.0789253414494]"
0.3333333333333333,0.3333333333333333,0.3333333333333333,1.0,0,3,34.98280456157423,"[29.826614750306163, 74.20072427586592, 0.9210746585505944]",29.826614750306163,SRP-PHAT,0,3,3,3,1.0,"[89.0, 270.0, 14.0]",1.0,46.17438975973905,20260211_235629,0.4208139789989218,library_k3_scene13,simulation/simulations/configs/library_scene/library_k3_scene13.json,library,ok,"[118.82661475030616, 88.20072427586592, 269.0789253414494]"
0.6666666666666666,0.6666666666666666,0.6666666666666666,1.0,0,3,41.29791187745953,"[122.17338524969387, 1.2992757241340769, 0.4210746585506513]",1.2992757241340769,GMDA,0,3,3,3,1.0,"[89.5, 269.50000000000006, 241.00000000000003]",1.0,70.54124440034003,20260211_235629,1.704691783990711,library_k3_scene13,simulation/simulations/configs/library_scene/library_k3_scene13.json,library,ok,"[118.82661475030616, 88.20072427586592, 269.0789253414494]"
0.6666666666666666,0.6666666666666666,0.6666666666666666,1.0,0,3,35.20852338773093,"[102.06636963754949, 1.152504054086421, 2.40669647155687]",2.40669647155687,SSZ,0,3,3,3,1.0,"[34.50000000000001, 235.5, 150.5]",1.0,58.94818138130521,20260211_235629,0.8482193520176224,library_k3_scene27,simulation/simulations/configs/library_scene/library_k3_scene27.json,library,ok,"[48.43363036245052, 33.3474959459136, 233.09330352844313]"
0.3333333333333333,0.3333333333333333,0.3333333333333333,1.0,0,3,56.041856721064256,"[114.56636963754949, 4.652504054086421, 48.90669647155687]",48.90669647155687,SRP-PHAT,0,3,3,3,1.0,"[38.0, 163.0, 282.0]",1.0,71.96981729785968,20260211_235629,0.37912572600180283,library_k3_scene27,simulation/simulations/configs/library_scene/library_k3_scene27.json,library,ok,"[48.43363036245052, 33.3474959459136, 233.09330352844313]"
0.6666666666666666,0.6666666666666666,0.3333333333333333,1.0,0,3,42.624809945602415,"[9.433630362450522, 113.84749594591361, 4.59330352844313]",9.433630362450522,GMDA,0,3,3,3,1.0,"[39.0, 228.5, 279.5]",1.0,66.00844428877912,20260211_235629,1.7000665529922117,library_k3_scene27,simulation/simulations/configs/library_scene/library_k3_scene27.json,library,ok,"[48.43363036245052, 33.3474959459136, 233.09330352844313]"
1.0,1.0,1.0,0.4,0,4,0.14224645720867102,[0.14224645720867102],0.14224645720867102,SSZ,3,1,1,4,1.0,[29.499999999999996],0.25,0.14224645720867102,20260211_235629,1.082100004015956,library_k4_scene01,simulation/simulations/configs/library_scene/library_k4_scene01.json,library,ok,"[29.35775354279134, 282.5024284386797, 167.84505830277777, 213.7821088596782]"
0.25,0.25,0.25,1.0,0,4,38.479568636802796,"[0.3577535427913361, 36.497571561320285, 87.84505830277777, 29.217891140321797]",32.85773135082104,SRP-PHAT,0,4,4,4,1.0,"[29.000000000000004, 243.0, 80.0, 319.0]",1.0,49.756005035516054,20260211_235629,0.42325700700166635,library_k4_scene01,simulation/simulations/configs/library_scene/library_k4_scene01.json,library,ok,"[29.35775354279134, 282.5024284386797, 167.84505830277777, 213.7821088596782]"
1.0,1.0,1.0,0.6666666666666666,0,4,2.1800909907355273,"[1.3577535427913396, 3.002428438679715]",2.1800909907355273,GMDA,2,2,2,4,1.0,"[28.0, 279.5]",0.5,2.3300290998563886,20260211_235629,2.285572167020291,library_k4_scene01,simulation/simulations/configs/library_scene/library_k4_scene01.json,library,ok,"[29.35775354279134, 282.5024284386797, 167.84505830277777, 213.7821088596782]"
1.0,1.0,1.0,0.6666666666666666,0,4,1.0773798179301934,"[0.04629078329401182, 2.108468852566375]",1.0773798179301934,SSZ,2,2,2,4,1.0,"[353.5, 316.5]",0.5,1.4912718965467933,20260211_235629,0.968698892975226,library_k4_scene14,simulation/simulations/configs/library_scene/library_k4_scene14.json,library,ok,"[353.453709216706, 348.23171106797935, 318.6084688525664, 24.179107146689176]"
0.25,0.25,0.25,1.0,0,4,61.685985355297966,"[0.5462907832940118, 91.76828893202065, 30.608468852566375, 123.82089285331082]",61.188378892293514,SRP-PHAT,0,4,4,4,1.0,"[354.0, 288.0, 80.0, 148.0]",1.0,78.56559227744093,20260211_235629,0.4232279600109905,library_k4_scene14,simulation/simulations/configs/library_scene/library_k4_scene14.json,library,ok,"[353.453709216706, 348.23171106797935, 318.6084688525664, 24.179107146689176]"
0.75,0.75,0.75,1.0,0,4,18.27869549764064,"[1.4537092167059882, 63.23171106797935, 3.608468852566375, 4.820892853310852]",4.2146808529386135,GMDA,0,4,4,4,1.0,"[352.0, 315.0, 285.0, 29.000000000000004]",1.0,31.767218206959054,20260211_235629,2.4842526110005565,library_k4_scene14,simulation/simulations/configs/library_scene/library_k4_scene14.json,library,ok,"[353.453709216706, 348.23171106797935, 318.6084688525664, 24.179107146689176]"
0.75,0.75,0.75,1.0,0,4,7.900768367106707,"[0.8549215741084026, 0.889540334034848, 0.20581099675069936, 29.652800563532878]",0.8722309540716253,SSZ,0,4,4,4,1.0,"[229.49999999999997, 50.5, 344.50000000000006, 271.5]",1.0,14.8395848352539,20260211_235629,0.8927259700139984,library_k4_scene32,simulation/simulations/configs/library_scene/library_k4_scene32.json,library,ok,"[49.645078425891604, 343.6104596659652, 229.70581099675067, 241.84719943646712]"
0.5,0.5,0.5,1.0,0,4,26.150768367106686,"[60.3549215741084, 2.389540334034791, 3.705810996750671, 38.15280056353288]",20.929305780141775,SRP-PHAT,0,4,4,4,1.0,"[346.0, 280.0, 226.0, 110.0]",1.0,35.76938525893724,20260211_235629,0.4175572789972648,library_k4_scene32,simulation/simulations/configs/library_scene/library_k4_scene32.json,library,ok,"[49.645078425891604, 343.6104596659652, 229.70581099675067, 241.84719943646712]"
0.75,0.75,0.75,1.0,0,4,33.75459791832283,"[2.8549215741084026, 2.110459665965152, 125.20581099675067, 4.847199436467093]",3.851060505287748,GMDA,0,4,4,4,1.0,"[237.00000000000003, 341.50000000000006, 52.50000000000001, 104.5]",1.0,62.674945287026205,20260211_235629,2.4698742650216445,library_k4_scene32,simulation/simulations/configs/library_scene/library_k4_scene32.json,library,ok,"[49.645078425891604, 343.6104596659652, 229.70581099675067, 241.84719943646712]"
1.0,1.0,1.0,0.6666666666666666,0,4,1.181737129649738,"[0.4561651526267205, 1.9073091066727557]",1.181737129649738,SSZ,2,2,2,4,1.0,"[17.5, 46.5]",0.5,1.3867073726759702,20260211_235629,1.0370579620066565,library_k4_scene35,simulation/simulations/configs/library_scene/library_k4_scene35.json,library,ok,"[0.987760399639814, 177.81268274986363, 17.95616515262672, 44.592690893327244]"
0.3333333333333333,0.3333333333333333,0.3333333333333333,0.8571428571428571,0,4,25.392052336387703,"[37.812682749863626, 4.9561651526267205, 33.407309106672756]",33.407309106672756,SRP-PHAT,1,3,3,4,1.0,"[13.0, 78.0, 140.0]",0.75,29.27120798959691,20260211_235629,0.4313498559931759,library_k4_scene35,simulation/simulations/configs/library_scene/library_k4_scene35.json,library,ok,"[0.987760399639814, 177.81268274986363, 17.95616515262672, 44.592690893327244]"
0.6666666666666666,0.6666666666666666,0.6666666666666666,0.8571428571428571,0,4,28.117078219646427,"[79.4877603996398, 2.9561651526267223, 1.9073091066727557]",2.9561651526267223,GMDA,1,3,3,4,1.0,"[14.999999999999998, 46.5, 281.5]",0.75,45.93720639375939,20260211_235629,2.387603653012775,library_k4_scene35,simulation/simulations/configs/library_scene/library_k4_scene35.json,library,ok,"[0.987760399639814, 177.81268274986363, 17.95616515262672, 44.592690893327244]"
1.0,1.0,1.0,0.4,0,4,0.3477048587176341,[0.3477048587176341],0.3477048587176341,SSZ,3,1,1,4,1.0,[212.5],0.25,0.3477048587176341,20260211_235629,1.0540803500043694,library_k4_scene38,simulation/simulations/configs/library_scene/library_k4_scene38.json,library,ok,"[45.97102193107917, 300.00815700634803, 331.97549946792975, 212.15229514128237]"
0.0,0.25,0.0,1.0,0,4,51.553482687155366,"[12.028978068920821, 88.00815700634803, 32.02450053207025, 74.15229514128237]",53.08839783667631,SRP-PHAT,0,4,4,4,1.0,"[212.0, 58.00000000000001, 138.0, 4.0]",1.0,60.02970831614335,20260211_235629,0.39934237700072117,library_k4_scene38,simulation/simulations/configs/library_scene/library_k4_scene38.json,library,ok,"[45.97102193107917, 300.00815700634803, 331.97549946792975, 212.15229514128237]"
0.75,1.0,0.5,1.0,0,4,5.227335116514183,"[10.028978068920821, 7.5081570063480285, 2.024500532070249, 1.3477048587176341]",4.766328769209139,GMDA,0,4,4,4,1.0,"[213.5, 334.0, 56.0, 292.5]",1.0,6.380982164397414,20260211_235629,2.3780183890194166,library_k4_scene38,simulation/simulations/configs/library_scene/library_k4_scene38.json,library,ok,"[45.97102193107917, 300.00815700634803, 331.97549946792975, 212.15229514128237]"
0.75,0.75,0.75,0.888888888888889,0,5,28.037575853561027,"[106.2776340456985, 0.5272307139735091, 3.7828784652461422, 1.56256018932595]",2.672719327286046,SSZ,1,4,4,5,1.0,"[224.5, 127.50000000000001, 36.5, 334.5]",0.8,53.178861482748154,20260211_235629,1.0223166259820573,library_k5_scene12,simulation/simulations/configs/library_scene/library_k5_scene12.json,library,ok,"[215.45547443444187, 228.2223659543015, 128.02723071397352, 220.71712153475386, 34.937439810674064]"
0.5,0.5,0.5,0.888888888888889,0,5,21.872189057853255,"[43.45547443444187, 39.777634045698505, 0.9727692860265051, 3.2828784652461422]",21.530256255472324,SRP-PHAT,1,4,4,5,1.0,"[224.0, 129.0, 268.0, 172.0]",0.8,29.505770620750432,20260211_235629,0.4627797020075377,library_k5_scene12,simulation/simulations/configs/library_scene/library_k5_scene12.json,library,ok,"[215.45547443444187, 228.2223659543015, 128.02723071397352, 220.71712153475386, 34.937439810674064]"
0.75,0.75,0.75,0.888888888888889,0,5,29.787575853561044,"[109.7776340456985, 2.5272307139735233, 2.782878465246199, 4.06256018932595]",3.4227193272860745,GMDA,1,4,4,5,1.0,"[223.50000000000003, 125.5, 39.0, 338.0]",0.8,54.95854037271455,20260211_235629,3.4411642010090873,library_k5_scene12,simulation/simulations/configs/library_scene/library_k5_scene12.json,library,ok,"[215.45547443444187, 228.2223659543015, 128.02723071397352, 220.71712153475386, 34.937439810674064]"
1.0,1.0,1.0,0.33333333333333337,0,5,1.8019526725788637,[1.8019526725788637],1.8019526725788637,SSZ,4,1,1,5,1.0,[180.50000000000003],0.2,1.8019526725788637,20260211_235629,0.9945242819958366,library_k5_scene14,simulation/simulations/configs/library_scene/library_k5_scene14.json,library,ok,"[168.5815529218009, 128.6937110782476, 184.5480424091254, 178.69804732742114, 212.14436602709088]"
0.2,0.2,0.2,1.0,0,5,68.7769616472822,"[132.5815529218009, 26.69371107824759, 72.4519575908746, 1.3019526725788637, 110.85563397290912]",72.4519575908746,SRP-PHAT,0,5,5,5,1.0,"[180.0, 257.0, 102.0, 323.0, 36.0]",1.0,84.65267297532002,20260211_235629,0.44099039398133755,library_k5_scene14,simulation/simulations/configs/library_scene/library_k5_scene14.json,library,ok,"[168.5815529218009, 128.6937110782476, 184.5480424091254, 178.69804732742114, 212.14436602709088]"
0.6666666666666666,0.6666666666666666,0.6666666666666666,0.7499999999999999,0,5,18.950432574578524,"[4.693711078247588, 1.8019526725788637, 50.35563397290912]",4.693711078247588,GMDA,2,3,3,5,1.0,"[180.5, 262.5, 124.0]",0.6,29.21739111062609,20260211_235629,3.3287361260154285,library_k5_scene14,simulation/simulations/configs/library_scene/library_k5_scene14.json,library,ok,"[168.5815529218009, 128.6937110782476, 184.5480424091254, 178.69804732742114, 212.14436602709088]"
0.8,0.8,0.8,1.0,0,5,28.658452280966515,"[0.20938995736148058, 1.6069231348571407, 1.8758486715709068, 1.5006393566883673, 138.09946028435468]",1.6069231348571407,SSZ,0,5,5,5,1.0,"[298.5, 321.5, 203.5, 132.5, 64.50000000000001]",1.0,61.77355049479205,20260211_235629,0.9667295060062315,library_k5_scene26,simulation/simulations/configs/library_scene/library_k5_scene26.json,library,ok,"[132.70938995736148, 296.89307686514286, 319.6241513284291, 205.00063935668837, 286.4005397156453]"
0.4,0.4,0.2,1.0,0,5,22.718668167224642,"[59.70938995736148, 15.10692313485714, 26.375848671570907, 8.000639356688367, 4.400539715645323]",15.10692313485714,SRP-PHAT,0,5,5,5,1.0,"[197.0, 312.0, 282.0, 73.0, 346.0]",1.0,30.24067045795484,20260211_235629,0.47626924901851453,library_k5_scene26,simulation/simulations/configs/library_scene/library_k5_scene26.json,library,ok,"[132.70938995736148, 296.89307686514286, 319.6241513284291, 205.00063935668837, 286.4005397156453]"
1.0,1.0,1.0,0.7499999999999999,0,5,1.3677020597308835,"[2.7093899573614806, 0.3930768651428025, 1.0006393566883673]",1.0006393566883673,GMDA,2,3,3,5,1.0,"[296.50000000000006, 204.0, 130.0]",0.6,1.6829124046441484,20260211_235629,3.453533794003306,library_k5_scene26,simulation/simulations/configs/library_scene/library_k5_scene26.json,library,ok,"[132.70938995736148, 296.89307686514286, 319.6241513284291, 205.00063935668837, 286.4005397156453]"
0.8,0.8,0.8,1.0,0,5,6.646246170685918,"[0.8802722003011922, 27.012611802856384, 1.7491875207343242, 0.4725677594877311, 3.1165915700499625]",1.7491875207343242,SSZ,0,5,5,5,1.0,"[58.5, 176.5, 145.5, 214.5, 96.5]",1.0,12.19386891714804,20260211_235629,1.0288119410106447,library_k5_scene28,simulation/simulations/configs/library_scene/library_k5_scene28.json,library,ok,"[144.61972779969884, 187.48738819714362, 174.75081247926568, 58.02743224051229, 99.61659157004996]"
0.25,0.5,0.25,0.888888888888889,0,5,26.003641022381693,"[14.619727799698836, 1.7508124792656758, 48.02743224051229, 39.61659157004997]",27.118159684874403,SRP-PHAT,1,4,4,5,1.0,"[59.99999999999999, 10.0, 173.0, 130.0]",0.8,31.987928819009184,20260211_235629,0.45171811198815703,library_k5_scene28,simulation/simulations/configs/library_scene/library_k5_scene28.json,library,ok,"[144.61972779969884, 187.48738819714362, 174.75081247926568, 58.02743224051229, 99.61659157004996]"
0.8,0.8,0.4,1.0,0,5,7.389417561129164,"[15.119727799698836, 7.987388197143616, 8.750812479265676, 2.472567759487731, 2.6165915700499625]",7.987388197143616,GMDA,0,5,5,5,1.0,"[60.5, 166.0, 179.5, 97.0, 129.5]",1.0,8.740038910277706,20260211_235629,3.4555152989923954,library_k5_scene28,simulation/simulations/configs/library_scene/library_k5_scene28.json,library,ok,"[144.61972779969884, 187.48738819714362, 174.75081247926568, 58.02743224051229, 99.61659157004996]"
1.0,1.0,1.0,0.5714285714285715,0,5,0.28036595012847343,"[0.370664374277176, 0.19006752597977083]",0.28036595012847343,SSZ,3,2,2,5,1.0,"[281.5, 44.5]",0.4,0.29454858919231075,20260211_235629,1.1059031809854787,library_k5_scene34,simulation/simulations/configs/library_scene/library_k5_scene34.json,library,ok,"[44.870664374277176, 56.1695019230829, 45.00000000000002, 281.30993247402023, 32.364268806176405]"
0.5,0.5,0.5,0.888888888888889,0,5,42.37617483927844,"[111.83049807691711, 1.0, 1.3099324740202292, 55.364268806176426]",28.337100640098328,SRP-PHAT,1,4,4,5,1.0,"[280.0, 46.0, 168.0, 337.0]",0.8,62.397873528791855,20260211_235629,0.4136717790097464,library_k5_scene34,simulation/simulations/configs/library_scene/library_k5_scene34.json,library,ok,"[44.870664374277176, 56.1695019230829, 45.00000000000002, 281.30993247402023, 32.364268806176405]"
1.0,1.0,1.0,0.5714285714285715,0,5,1.4049662370101146,"[1.0, 1.8099324740202292]",1.4049662370101146,GMDA,3,2,2,5,1.0,"[279.5, 46.0]",0.4,1.4621654421632642,20260211_235629,3.2635894880222622,library_k5_scene34,simulation/simulations/configs/library_scene/library_k5_scene34.json,library,ok,"[44.870664374277176, 56.1695019230829, 45.00000000000002, 281.30993247402023, 32.364268806176405]"
1.0,1.0,1.0,1.0,0,1,1.924974272515442,[1.924974272515442],1.924974272515442,SSZ,0,1,1,1,1.0,[0.5],1.0,1.924974272515442,20260211_235629,0.6994386749865953,restaurant_k1_scene00,simulation/simulations/configs/restaurant_scene/restaurant_k1_scene00.json,restaurant,ok,[358.57502572748456]
1.0,1.0,1.0,1.0,0,1,1.575025727484558,[1.575025727484558],1.575025727484558,SRP-PHAT,0,1,1,1,1.0,[357.0],1.0,1.575025727484558,20260211_235629,0.29134595999494195,restaurant_k1_scene00,simulation/simulations/configs/restaurant_scene/restaurant_k1_scene00.json,restaurant,ok,[358.57502572748456]
1.0,1.0,1.0,1.0,0,1,0.07502572748455805,[0.07502572748455805],0.07502572748455805,GMDA,0,1,1,1,1.0,[358.5],1.0,0.07502572748455805,20260211_235629,0.7063220739946701,restaurant_k1_scene00,simulation/simulations/configs/restaurant_scene/restaurant_k1_scene00.json,restaurant,ok,[358.57502572748456]
1.0,1.0,1.0,1.0,0,1,1.8555764922026583,[1.8555764922026583],1.8555764922026583,SSZ,0,1,1,1,1.0,[128.5],1.0,1.8555764922026583,20260211_235629,0.7086010469938628,restaurant_k1_scene10,simulation/simulations/configs/restaurant_scene/restaurant_k1_scene10.json,restaurant,ok,[126.64442350779733]
0.0,0.0,0.0,1.0,0,1,149.35557649220266,[149.35557649220266],149.35557649220266,SRP-PHAT,0,1,1,1,1.0,[276.0],1.0,149.35557649220266,20260211_235629,0.2886446809861809,restaurant_k1_scene10,simulation/simulations/configs/restaurant_scene/restaurant_k1_scene10.json,restaurant,ok,[126.64442350779733]
0.0,0.0,0.0,1.0,0,1,165.35557649220266,[165.35557649220266],165.35557649220266,GMDA,0,1,1,1,1.0,[292.0],1.0,165.35557649220266,20260211_235629,0.7053835839906242,restaurant_k1_scene10,simulation/simulations/configs/restaurant_scene/restaurant_k1_scene10.json,restaurant,ok,[126.64442350779733]
1.0,1.0,0.0,1.0,0,1,6.2589584171809065,[6.2589584171809065],6.2589584171809065,SSZ,0,1,1,1,1.0,[34.50000000000001],1.0,6.2589584171809065,20260211_235629,0.8010083629924338,restaurant_k1_scene17,simulation/simulations/configs/restaurant_scene/restaurant_k1_scene17.json,restaurant,ok,[28.24104158281909]
0.0,0.0,0.0,1.0,0,1,56.75895841718091,[56.75895841718091],56.75895841718091,SRP-PHAT,0,1,1,1,1.0,[85.0],1.0,56.75895841718091,20260211_235629,0.2552716680220328,restaurant_k1_scene17,simulation/simulations/configs/restaurant_scene/restaurant_k1_scene17.json,restaurant,ok,[28.24104158281909]
0.0,0.0,0.0,1.0,0,1,51.75895841718091,[51.75895841718091],51.75895841718091,GMDA,0,1,1,1,1.0,[80.0],1.0,51.75895841718091,20260211_235629,0.6906254490022548,restaurant_k1_scene17,simulation/simulations/configs/restaurant_scene/restaurant_k1_scene17.json,restaurant,ok,[28.24104158281909]
0.0,0.0,0.0,1.0,0,1,51.39829388479359,[51.39829388479359],51.39829388479359,SSZ,0,1,1,1,1.0,[262.5],1.0,51.39829388479359,20260211_235629,0.7135817849775776,restaurant_k1_scene27,simulation/simulations/configs/restaurant_scene/restaurant_k1_scene27.json,restaurant,ok,[313.8982938847936]
0.0,0.0,0.0,1.0,0,1,48.89829388479359,[48.89829388479359],48.89829388479359,SRP-PHAT,0,1,1,1,1.0,[265.0],1.0,48.89829388479359,20260211_235629,0.5990932010172401,restaurant_k1_scene27,simulation/simulations/configs/restaurant_scene/restaurant_k1_scene27.json,restaurant,ok,[313.8982938847936]
0.0,0.0,0.0,1.0,0,1,47.89829388479359,[47.89829388479359],47.89829388479359,GMDA,0,1,1,1,1.0,[266.0],1.0,47.89829388479359,20260211_235629,1.4843648980022408,restaurant_k1_scene27,simulation/simulations/configs/restaurant_scene/restaurant_k1_scene27.json,restaurant,ok,[313.8982938847936]
1.0,1.0,1.0,1.0,0,1,2.9207000461516373,[2.9207000461516373],2.9207000461516373,SSZ,0,1,1,1,1.0,[327.5],1.0,2.9207000461516373,20260211_235629,1.429617250978481,restaurant_k1_scene37,simulation/simulations/configs/restaurant_scene/restaurant_k1_scene37.json,restaurant,ok,[324.57929995384836]
0.0,0.0,0.0,1.0,0,1,49.57929995384836,[49.57929995384836],49.57929995384836,SRP-PHAT,0,1,1,1,1.0,[275.0],1.0,49.57929995384836,20260211_235629,0.5158624009927735,restaurant_k1_scene37,simulation/simulations/configs/restaurant_scene/restaurant_k1_scene37.json,restaurant,ok,[324.57929995384836]
1.0,1.0,1.0,1.0,0,1,0.42070004615163725,[0.42070004615163725],0.42070004615163725,GMDA,0,1,1,1,1.0,[325.0],1.0,0.42070004615163725,20260211_235629,1.477565210981993,restaurant_k1_scene37,simulation/simulations/configs/restaurant_scene/restaurant_k1_scene37.json,restaurant,ok,[324.57929995384836]
0.0,0.5,0.0,1.0,0,2,39.039995558391325,"[10.698590513648185, 67.38140060313447]",39.039995558391325,SSZ,0,2,2,2,1.0,"[122.50000000000001, 191.5]",1.0,48.24268331166298,20260211_235629,1.4201907349925023,restaurant_k2_scene06,simulation/simulations/configs/restaurant_scene/restaurant_k2_scene06.json,restaurant,ok,"[111.80140948635182, 124.11859939686552]"
0.0,0.0,0.0,1.0,0,2,102.53999555839133,"[69.19859051364818, 135.88140060313447]",102.53999555839133,SRP-PHAT,0,2,2,2,1.0,"[181.0, 260.0]",1.0,107.82439417623702,20260211_235629,0.30110367300221696,restaurant_k2_scene06,simulation/simulations/configs/restaurant_scene/restaurant_k2_scene06.json,restaurant,ok,"[111.80140948635182, 124.11859939686552]"
0.5,0.5,0.0,1.0,0,2,71.78999555839133,"[6.698590513648185, 136.88140060313447]",71.78999555839133,GMDA,0,2,2,2,1.0,"[118.50000000000001, 261.0]",1.0,96.90559567420583,20260211_235629,1.0920130510057788,restaurant_k2_scene06,simulation/simulations/configs/restaurant_scene/restaurant_k2_scene06.json,restaurant,ok,"[111.80140948635182, 124.11859939686552]"
0.5,0.5,0.5,1.0,0,2,62.65169292990346,"[0.2648533006974958, 125.03853255910943]",62.65169292990346,SSZ,0,2,2,2,1.0,"[332.5, 180.50000000000003]",1.0,88.4157926272404,20260211_235629,0.7406409330142196,restaurant_k2_scene09,simulation/simulations/configs/restaurant_scene/restaurant_k2_scene09.json,restaurant,ok,"[332.7648533006975, 55.461467440890594]"
0.0,0.0,0.0,1.0,0,2,88.65169292990345,"[54.764853300697496, 122.5385325591094]",88.65169292990345,SRP-PHAT,0,2,2,2,1.0,"[178.0, 278.0]",1.0,94.90753689456605,20260211_235629,0.32819612699677236,restaurant_k2_scene09,simulation/simulations/configs/restaurant_scene/restaurant_k2_scene09.json,restaurant,ok,"[332.7648533006975, 55.461467440890594]"
0.5,0.5,0.5,1.0,0,2,10.651692929903447,"[3.264853300697496, 18.0385325591094]",10.651692929903447,GMDA,0,2,2,2,1.0,"[73.5, 329.5]",1.0,12.962405717325877,20260211_235629,1.1257141009846237,restaurant_k2_scene09,simulation/simulations/configs/restaurant_scene/restaurant_k2_scene09.json,restaurant,ok,"[332.7648533006975, 55.461467440890594]"
1.0,1.0,1.0,1.0,0,2,4.1608898413085456,"[4.094253331266373, 4.227526351350718]",4.1608898413085456,SSZ,0,2,2,2,1.0,"[273.5, 225.50000000000003]",1.0,4.161423397826188,20260211_235629,0.7843658830097411,restaurant_k2_scene13,simulation/simulations/configs/restaurant_scene/restaurant_k2_scene13.json,restaurant,ok,"[229.5942533312664, 269.2724736486493]"
0.5,0.5,0.5,1.0,0,2,58.06663651004216,"[115.4057466687336, 0.7275263513507184]",58.06663651004216,SRP-PHAT,0,2,2,2,1.0,"[270.0, 345.0]",1.0,81.60580757139724,20260211_235629,0.33093067901791073,restaurant_k2_scene13,simulation/simulations/configs/restaurant_scene/restaurant_k2_scene13.json,restaurant,ok,"[229.5942533312664, 269.2724736486493]"
1.0,1.0,0.5,1.0,0,2,5.316636510042173,"[8.405746668733627, 2.2275263513507184]",5.316636510042173,GMDA,0,2,2,2,1.0,"[271.5, 238.0]",1.0,6.1489206656489035,20260211_235629,1.1331411999999546,restaurant_k2_scene13,simulation/simulations/configs/restaurant_scene/restaurant_k2_scene13.json,restaurant,ok,"[229.5942533312664, 269.2724736486493]"
0.0,0.0,0.0,1.0,0,2,72.44205963252337,"[15.222913293422295, 129.66120597162444]",72.44205963252337,SSZ,0,2,2,2,1.0,"[105.5, 233.50000000000003]",1.0,92.31404395636416,20260211_235629,0.7970733600086533,restaurant_k2_scene17,simulation/simulations/configs/restaurant_scene/restaurant_k2_scene17.json,restaurant,ok,"[248.72291329342232, 235.16120597162444]"
0.5,0.5,0.0,1.0,0,2,27.21914633910106,"[7.277086706577677, 47.16120597162444]",27.21914633910106,SRP-PHAT,0,2,2,2,1.0,"[188.0, 256.0]",1.0,33.74266838613267,20260211_235629,0.33522707800148055,restaurant_k2_scene17,simulation/simulations/configs/restaurant_scene/restaurant_k2_scene17.json,restaurant,ok,"[248.72291329342232, 235.16120597162444]"
0.5,0.5,0.0,1.0,0,2,71.44205963252338,"[6.722913293422323, 136.16120597162444]",71.44205963252338,GMDA,0,2,2,2,1.0,"[242.0, 99.0]",1.0,96.39779970206273,20260211_235629,1.1273142700083554,restaurant_k2_scene17,simulation/simulations/configs/restaurant_scene/restaurant_k2_scene17.json,restaurant,ok,"[248.72291329342232, 235.16120597162444]"
1.0,1.0,1.0,1.0,0,2,1.6719553639469922,"[0.3300795434069812, 3.013831184487003]",1.6719553639469922,SSZ,0,2,2,2,1.0,"[100.50000000000001, 216.50000000000003]",1.0,2.1438436176132454,20260211_235629,0.7158273429959081,restaurant_k2_scene21,simulation/simulations/configs/restaurant_scene/restaurant_k2_scene21.json,restaurant,ok,"[100.830079543407, 213.486168815513]"
0.5,0.5,0.5,1.0,0,2,24.328044636052994,"[0.16992045659299038, 48.486168815513]",24.328044636052994,SRP-PHAT,0,2,2,2,1.0,"[101.0, 165.0]",1.0,34.28510929957781,20260211_235629,0.33719620399642736,restaurant_k2_scene21,simulation/simulations/configs/restaurant_scene/restaurant_k2_scene21.json,restaurant,ok,"[100.830079543407, 213.486168815513]"
1.0,1.0,0.5,1.0,0,2,3.6719553639469993,"[2.3300795434069954, 5.013831184487003]",3.6719553639469993,GMDA,0,2,2,2,1.0,"[98.5, 218.5]",1.0,3.9094612048937187,20260211_235629,1.1023818739922717,restaurant_k2_scene21,simulation/simulations/configs/restaurant_scene/restaurant_k2_scene21.json,restaurant,ok,"[100.830079543407, 213.486168815513]"
1.0,1.0,1.0,1.0,0,3,1.7384417132888643,"[0.6669146831866328, 1.210593137499643, 3.337817319180317]",1.210593137499643,SSZ,0,3,3,3,1.0,"[265.5, 46.5, 124.49999999999999]",1.0,2.085772070915327,20260211_235629,0.8230418610037304,restaurant_k3_scene05,simulation/simulations/configs/restaurant_scene/restaurant_k3_scene05.json,restaurant,ok,"[47.16691468318663, 264.28940686250036, 121.16218268081964]"
1.0,1.0,0.6666666666666666,1.0,0,3,5.460498591164462,"[4.833085316813367, 2.710593137499643, 8.837817319180374]",4.833085316813367,SRP-PHAT,0,3,3,3,1.0,"[267.0, 52.0, 130.0]",1.0,6.022542204193113,20260211_235629,0.38059769599931315,restaurant_k3_scene05,simulation/simulations/configs/restaurant_scene/restaurant_k3_scene05.json,restaurant,ok,"[47.16691468318663, 264.28940686250036, 121.16218268081964]"
0.6666666666666666,0.6666666666666666,0.6666666666666666,1.0,0,3,16.127165257831127,"[43.33308531681337, 0.21059313749964303, 4.837817319180374]",4.837817319180374,GMDA,0,3,3,3,1.0,"[264.5, 126.0, 90.5]",1.0,25.174094548149753,20260211_235629,1.851495825976599,restaurant_k3_scene05,simulation/simulations/configs/restaurant_scene/restaurant_k3_scene05.json,restaurant,ok,"[47.16691468318663, 264.28940686250036, 121.16218268081964]"
0.3333333333333333,0.3333333333333333,0.3333333333333333,1.0,0,3,44.1345261041432,"[66.3483086165352, 0.5012675574953391, 65.55400213839906]",65.55400213839906,SSZ,0,3,3,3,1.0,"[321.5, 49.5, 92.5]",1.0,53.85064692214454,20260211_235629,1.4048568870057352,restaurant_k3_scene06,simulation/simulations/configs/restaurant_scene/restaurant_k3_scene06.json,restaurant,ok,"[158.8483086165352, 322.00126755749534, 115.05400213839906]"
0.3333333333333333,0.3333333333333333,0.3333333333333333,1.0,0,3,60.03214056252347,"[15.151691383464822, 0.9987324425046609, 163.94599786160094]",15.151691383464822,SRP-PHAT,0,3,3,3,1.0,"[174.0, 323.0, 279.0]",1.0,95.05938746051953,20260211_235629,0.3702681080030743,restaurant_k3_scene06,simulation/simulations/configs/restaurant_scene/restaurant_k3_scene06.json,restaurant,ok,"[158.8483086165352, 322.00126755749534, 115.05400213839906]"
0.3333333333333333,0.3333333333333333,0.0,1.0,0,3,21.96785943747651,"[38.34830861653519, 7.501267557495282, 20.054002138399056]",20.054002138399056,GMDA,0,3,3,3,1.0,"[314.50000000000006, 95.0, 120.50000000000001]",1.0,25.357607605904466,20260211_235629,1.6824055240140297,restaurant_k3_scene06,simulation/simulations/configs/restaurant_scene/restaurant_k3_scene06.json,restaurant,ok,"[158.8483086165352, 322.00126755749534, 115.05400213839906]"
1.0,1.0,1.0,1.0,0,3,1.8680208804698282,"[0.7429024554941179, 3.080871101921616, 1.7802890839937504]",1.7802890839937504,SSZ,0,3,3,3,1.0,"[309.5, 142.5, 260.5]",1.0,2.098658303744102,20260211_235629,0.7779506449878681,restaurant_k3_scene22,simulation/simulations/configs/restaurant_scene/restaurant_k3_scene22.json,restaurant,ok,"[141.7570975445059, 257.4191288980784, 307.71971091600625]"
0.6666666666666666,0.6666666666666666,0.6666666666666666,1.0,0,3,55.29864578619685,"[0.7570975445059105, 164.41912889807838, 0.7197109160062496]",0.7570975445059105,SRP-PHAT,0,3,3,3,1.0,"[141.0, 307.0, 93.0]",1.0,94.92934412515699,20260211_235629,0.3839288160088472,restaurant_k3_scene22,simulation/simulations/configs/restaurant_scene/restaurant_k3_scene22.json,restaurant,ok,"[141.7570975445059, 257.4191288980784, 307.71971091600625]"
0.3333333333333333,0.3333333333333333,0.0,1.0,0,3,56.36802088046982,"[119.24290245549409, 42.580871101921616, 7.28028908399375]",42.580871101921616,GMDA,0,3,3,3,1.0,"[261.0, 315.0, 300.0]",1.0,73.22340923264787,20260211_235629,1.7484601339965593,restaurant_k3_scene22,simulation/simulations/configs/restaurant_scene/restaurant_k3_scene22.json,restaurant,ok,"[141.7570975445059, 257.4191288980784, 307.71971091600625]"
0.0,0.0,0.0,1.0,0,3,95.28180418578705,"[124.62610357779528, 145.43900426024, 15.780304719325898]",124.62610357779528,SSZ,0,3,3,3,1.0,"[132.5, 323.50000000000006, 264.50000000000006]",1.0,110.95522771254517,20260211_235629,0.8259010559995659,restaurant_k3_scene24,simulation/simulations/configs/restaurant_scene/restaurant_k3_scene24.json,restaurant,ok,"[139.87389642220478, 108.93900426024007, 116.71969528067409]"
0.0,0.3333333333333333,0.0,1.0,0,3,75.15580134562701,"[58.12610357779522, 154.06099573975993, 13.280304719325898]",58.12610357779522,SRP-PHAT,0,3,3,3,1.0,"[263.0, 130.0, 198.0]",1.0,95.37609906557836,20260211_235629,0.3706526999885682,restaurant_k3_scene24,simulation/simulations/configs/restaurant_scene/restaurant_k3_scene24.json,restaurant,ok,"[139.87389642220478, 108.93900426024007, 116.71969528067409]"
0.3333333333333333,0.3333333333333333,0.3333333333333333,1.0,0,3,59.155801345627026,"[160.62610357779522, 0.06099573975996009, 16.780304719325898]",16.780304719325898,GMDA,0,3,3,3,1.0,"[300.5, 133.5, 109.0]",1.0,93.24220699793682,20260211_235629,1.6872336590022314,restaurant_k3_scene24,simulation/simulations/configs/restaurant_scene/restaurant_k3_scene24.json,restaurant,ok,"[139.87389642220478, 108.93900426024007, 116.71969528067409]"
0.6666666666666666,0.6666666666666666,0.6666666666666666,1.0,0,3,8.29807185592689,"[0.7939481889510844, 3.3456327557196346, 20.75463462310995]",3.3456327557196346,SSZ,0,3,3,3,1.0,"[312.5, 272.50000000000006, 50.5]",1.0,12.146034614936092,20260211_235629,0.7419015780033078,restaurant_k3_scene38,simulation/simulations/configs/restaurant_scene/restaurant_k3_scene38.json,restaurant,ok,"[51.293948188951084, 315.84563275571963, 293.25463462311]"
0.0,0.0,0.0,1.0,0,3,66.13140518926025,"[56.293948188951106, 42.845632755719635, 99.25463462311001]",56.293948188951106,SRP-PHAT,0,3,3,3,1.0,"[273.0, 194.0, 355.0]",1.0,70.37101520537504,20260211_235629,0.5442988360009622,restaurant_k3_scene38,simulation/simulations/configs/restaurant_scene/restaurant_k3_scene38.json,restaurant,ok,"[51.293948188951084, 315.84563275571963, 293.25463462311]"
0.0,0.6666666666666666,0.0,1.0,0,3,39.37168455947975,"[13.706051811048894, 90.65436724428037, 13.754634623110007]",13.754634623110007,GMDA,0,3,3,3,1.0,"[279.5, 46.5, 65.0]",1.0,53.526504743984134,20260211_235629,1.7385273609834258,restaurant_k3_scene38,simulation/simulations/configs/restaurant_scene/restaurant_k3_scene38.json,restaurant,ok,"[51.293948188951084, 315.84563275571963, 293.25463462311]"
0.25,0.25,0.25,1.0,0,4,24.27422541408592,"[2.8634229583832393, 31.080711661097098, 27.225665442918228, 35.92710159394511]",29.153188552007663,SSZ,0,4,4,4,1.0,"[78.5, 139.5, 11.5, 114.5]",1.0,27.41442738846746,20260211_235629,0.8486013539950363,restaurant_k4_scene02,simulation/simulations/configs/restaurant_scene/restaurant_k4_scene02.json,restaurant,ok,"[136.63657704161673, 340.4192883389029, 51.274334557081794, 78.57289840605489]"
0.5,0.5,0.5,1.0,0,4,44.87103686207826,"[2.3634229583832393, 128.4192883389029, 44.274334557081794, 4.42710159394511]",24.350718075513452,SRP-PHAT,0,4,4,4,1.0,"[83.0, 7.0, 212.0, 139.0]",1.0,67.96490880326776,20260211_235629,0.4268095490115229,restaurant_k4_scene02,simulation/simulations/configs/restaurant_scene/restaurant_k4_scene02.json,restaurant,ok,"[136.63657704161673, 340.4192883389029, 51.274334557081794, 78.57289840605489]"
0.5,0.5,0.5,1.0,0,4,26.314325382886636,"[4.636577041616732, 57.4192883389029, 42.774334557081794, 0.4271015939451104]",23.705455799349263,GMDA,0,4,4,4,1.0,"[79.0, 132.0, 8.5, 283.0]",1.0,35.875822752174024,20260211_235629,2.503983041009633,restaurant_k4_scene02,simulation/simulations/configs/restaurant_scene/restaurant_k4_scene02.json,restaurant,ok,"[136.63657704161673, 340.4192883389029, 51.274334557081794, 78.57289840605489]"
0.5,0.5,0.5,1.0,0,4,39.18786010155429,"[2.7418199469796036, 0.6934894239819869, 67.35155726972101, 85.96457376553457]",35.04668860835031,SSZ,0,4,4,4,1.0,"[89.5, 272.50000000000006, 177.5, 358.5]",1.0,54.621741810265846,20260211_235629,0.8295084049750585,restaurant_k4_scene07,simulation/simulations/configs/restaurant_scene/restaurant_k4_scene07.json,restaurant,ok,"[174.75818005302042, 88.806510576018, 205.14844273027904, 272.53542623446543]"
0.6666666666666666,0.6666666666666666,0.3333333333333333,0.8571428571428571,0,4,15.29996104549872,"[9.241819946979604, 0.19348942398198687, 36.46457376553457]",9.241819946979604,SRP-PHAT,1,3,3,4,1.0,"[89.0, 184.0, 309.0]",0.75,21.718761582187376,20260211_235629,0.44057628797600046,restaurant_k4_scene07,simulation/simulations/configs/restaurant_scene/restaurant_k4_scene07.json,restaurant,ok,"[174.75818005302042, 88.806510576018, 205.14844273027904, 272.53542623446543]"
0.75,0.75,0.5,1.0,0,4,20.937860101554264,"[71.74181994697955, 2.193489423981987, 7.351557269720956, 2.464573765534567]",4.908065517627762,GMDA,0,4,4,4,1.0,"[91.0, 275.0, 246.49999999999997, 212.5]",1.0,36.09646673600375,20260211_235629,2.5036177640140522,restaurant_k4_scene07,simulation/simulations/configs/restaurant_scene/restaurant_k4_scene07.json,restaurant,ok,"[174.75818005302042, 88.806510576018, 205.14844273027904, 272.53542623446543]"
0.75,0.75,0.75,1.0,0,4,19.900263232635833,"[2.269897704902803, 2.2974030279783477, 74.22032679786946, 0.8134253997927203]",2.2836503664405754,SSZ,0,4,4,4,1.0,"[47.5, 272.50000000000006, 90.5, 123.5]",1.0,37.14750687168405,20260211_235629,0.8062596080126241,restaurant_k4_scene16,simulation/simulations/configs/restaurant_scene/restaurant_k4_scene16.json,restaurant,ok,"[45.23010229509722, 125.79740302797835, 16.279673202130517, 273.3134253997928]"
0.75,0.75,0.5,1.0,0,4,34.891398319711925,"[128.76989770490277, 1.202596972021638, 9.279673202130517, 0.31342539979277717]",5.241135087076078,SRP-PHAT,0,4,4,4,1.0,"[273.0, 174.0, 7.0, 127.00000000000001]",1.0,64.5549056320041,20260211_235629,0.7636162510025315,restaurant_k4_scene16,simulation/simulations/configs/restaurant_scene/restaurant_k4_scene16.json,restaurant,ok,"[45.23010229509722, 125.79740302797835, 16.279673202130517, 273.3134253997928]"
0.6666666666666666,1.0,0.6666666666666666,0.8571428571428571,0,4,5.62690871089131,"[11.769897704902803, 3.7974030279783477, 1.3134253997927772]",3.7974030279783477,GMDA,1,3,3,4,1.0,"[272.0, 122.0, 57.00000000000001]",0.75,7.180432856534398,20260211_235629,2.666953822976211,restaurant_k4_scene16,simulation/simulations/configs/restaurant_scene/restaurant_k4_scene16.json,restaurant,ok,"[45.23010229509722, 125.79740302797835, 16.279673202130517, 273.3134253997928]"
0.5,0.5,0.25,1.0,0,4,21.706266705160473,"[6.086678329785741, 1.8374427983428632, 31.375453683985256, 47.52549200852803]",18.7310660068855,SSZ,0,4,4,4,1.0,"[203.5, 249.5, 313.50000000000006, 343.5]",1.0,28.650983114266914,20260211_235629,0.7947765919961967,restaurant_k4_scene29,simulation/simulations/configs/restaurant_scene/restaurant_k4_scene29.json,restaurant,ok,"[197.41332167021423, 311.6625572016572, 312.12454631601474, 201.97450799147197]"
0.3333333333333333,0.3333333333333333,0.3333333333333333,0.8571428571428571,0,4,37.3501289544478,"[57.41332167021423, 52.662557201657194, 1.9745079914719668]",52.662557201657194,SRP-PHAT,1,3,3,4,1.0,"[200.0, 259.0, 140.0]",0.75,44.994566775829334,20260211_235629,0.3912285980186425,restaurant_k4_scene29,simulation/simulations/configs/restaurant_scene/restaurant_k4_scene29.json,restaurant,ok,"[197.41332167021423, 311.6625572016572, 312.12454631601474, 201.97450799147197]"
0.5,0.5,0.25,1.0,0,4,45.03754530598904,"[4.586678329785741, 6.162557201657137, 113.37545368398526, 56.02549200852803]",31.094024605092585,GMDA,0,4,4,4,1.0,"[202.0, 258.0, 305.50000000000006, 65.5]",1.0,63.34797546530541,20260211_235629,2.450180348008871,restaurant_k4_scene29,simulation/simulations/configs/restaurant_scene/restaurant_k4_scene29.json,restaurant,ok,"[197.41332167021423, 311.6625572016572, 312.12454631601474, 201.97450799147197]"
0.5,0.75,0.5,1.0,0,4,14.749095948140205,"[11.504161605913396, 0.7738959573517832, 0.7970413251270718, 45.92128490416857]",6.150601465520234,SSZ,0,4,4,4,1.0,"[0.5, 85.5, 179.5, 276.5]",1.0,23.676699154081625,20260211_235629,0.8270191240007989,restaurant_k4_scene34,simulation/simulations/configs/restaurant_scene/restaurant_k4_scene34.json,restaurant,ok,"[288.0041616059134, 84.72610404264823, 1.2970413251270718, 225.42128490416857]"
0.5,0.5,0.5,1.0,0,4,37.9990959481402,"[66.0041616059134, 3.273895957351783, 2.2970413251270543, 80.42128490416857]",34.63902878163259,SRP-PHAT,0,4,4,4,1.0,"[359.0, 88.0, 222.0, 145.0]",1.0,52.05796578941087,20260211_235629,0.40348113697837107,restaurant_k4_scene34,simulation/simulations/configs/restaurant_scene/restaurant_k4_scene34.json,restaurant,ok,"[288.0041616059134, 84.72610404264823, 1.2970413251270718, 225.42128490416857]"
0.25,0.25,0.25,1.0,0,4,44.2628520305357,"[71.49583839408666, 3.773895957351783, 45.702958674872946, 56.0787150958314]",50.89083688535217,GMDA,0,4,4,4,1.0,"[88.5, 281.5, 359.50000000000006, 47.0]",1.0,50.89076516620389,20260211_235629,2.446673943020869,restaurant_k4_scene34,simulation/simulations/configs/restaurant_scene/restaurant_k4_scene34.json,restaurant,ok,"[288.0041616059134, 84.72610404264823, 1.2970413251270718, 225.42128490416857]"
0.0,0.4,0.0,1.0,0,5,31.026008391403785,"[58.6761933616084, 34.66690687556371, 40.52750405924936, 10.77078656410346, 10.488651096493982]",34.66690687556371,SSZ,0,5,5,5,1.0,"[106.49999999999999, 329.49999999999994, 177.5, 89.5, 0.5]",1.0,36.09207760723617,20260211_235629,0.857173073978629,restaurant_k5_scene05,simulation/simulations/configs/restaurant_scene/restaurant_k5_scene05.json,restaurant,ok,"[118.82380663839162, 294.83309312443623, 41.02750405924936, 117.27078656410345, 79.01134890350602]"
0.0,0.5,0.0,0.5714285714285715,0,5,30.723489962855922,"[50.1761933616084, 11.270786564103446]",30.723489962855922,SRP-PHAT,3,2,2,5,1.0,"[106.0, 169.0]",0.4,36.36400012399,20260211_235629,0.4780860190221574,restaurant_k5_scene05,simulation/simulations/configs/restaurant_scene/restaurant_k5_scene05.json,restaurant,ok,"[118.82380663839162, 294.83309312443623, 41.02750405924936, 117.27078656410345, 79.01134890350602]"
0.0,0.6666666666666666,0.0,0.7499999999999999,0,5,15.192125209763446,"[22.333093124436232, 10.472495940750662, 12.770786564103446]",12.770786564103446,GMDA,2,3,3,5,1.0,"[104.5, 272.5, 51.5]",0.6,16.036762029782956,20260211_235629,3.475013334013056,restaurant_k5_scene05,simulation/simulations/configs/restaurant_scene/restaurant_k5_scene05.json,restaurant,ok,"[118.82380663839162, 294.83309312443623, 41.02750405924936, 117.27078656410345, 79.01134890350602]"
0.4,0.6,0.4,1.0,0,5,20.409171691753862,"[2.168918564748651, 59.96516214265483, 13.534829406642167, 0.9436197330572895, 25.43332861166637]",13.534829406642167,SSZ,0,5,5,5,1.0,"[283.5, 26.5, 229.49999999999997, 95.50000000000001, 328.5]",1.0,29.770660416161153,20260211_235629,1.0142540810047649,restaurant_k5_scene18,simulation/simulations/configs/restaurant_scene/restaurant_k5_scene18.json,restaurant,ok,"[231.66891856474862, 28.465162142654854, 40.03482940664217, 282.5563802669427, 120.93332861166638]"
0.3333333333333333,0.3333333333333333,0.0,0.7499999999999999,0,5,33.386209147785905,"[57.66891856474862, 6.5563802669427105, 35.93332861166638]",35.93332861166638,SRP-PHAT,2,3,3,5,1.0,"[174.0, 276.0, 85.0]",0.6,39.41190342923639,20260211_235629,0.44632734401966445,restaurant_k5_scene18,simulation/simulations/configs/restaurant_scene/restaurant_k5_scene18.json,restaurant,ok,"[231.66891856474862, 28.465162142654854, 40.03482940664217, 282.5563802669427, 120.93332861166638]"
1.0,1.0,0.75,0.888888888888889,0,5,4.321490226804578,"[2.8310814352514058, 2.4651705933578114, 2.5563802669427105, 9.433328611666383]",2.693730851097058,GMDA,1,4,4,5,1.0,"[111.5, 280.0, 234.50000000000003, 42.5]",0.8,5.234855702697997,20260211_235629,3.6076978709897958,restaurant_k5_scene18,simulation/simulations/configs/restaurant_scene/restaurant_k5_scene18.json,restaurant,ok,"[231.66891856474862, 28.465162142654854, 40.03482940664217, 282.5563802669427, 120.93332861166638]"
0.6,0.6,0.6,1.0,0,5,27.886232050893717,"[113.73382517744693, 0.6081121771358653, 19.745610784102894, 2.909248608034943, 2.434363507747946]",2.909248608034943,SSZ,0,5,5,5,1.0,"[93.50000000000001, 60.5, 320.5, 137.5, 210.5]",1.0,51.65274782294264,20260211_235629,0.8798261700139847,restaurant_k5_scene24,simulation/simulations/configs/restaurant_scene/restaurant_k5_scene24.json,restaurant,ok,"[96.76617482255308, 94.10811217713588, 40.7543892158971, 134.59075139196506, 322.93436350774795]"
0.4,0.4,0.2,1.0,0,5,27.430758223059808,"[38.766174822553076, 6.1081121771358795, 35.7543892158971, 2.590751391965057, 53.934363507747946]",35.7543892158971,SRP-PHAT,0,5,5,5,1.0,"[88.0, 58.00000000000001, 269.0, 5.0, 132.0]",1.0,33.86481729672831,20260211_235629,0.46750526799587533,restaurant_k5_scene24,simulation/simulations/configs/restaurant_scene/restaurant_k5_scene24.json,restaurant,ok,"[96.76617482255308, 94.10811217713588, 40.7543892158971, 134.59075139196506, 322.93436350774795]"
0.5,0.5,0.25,0.888888888888889,0,5,21.882672519556962,"[0.23382517744693132, 36.60811217713588, 5.254389215897099, 45.434363507747946]",20.93125069651649,GMDA,1,4,4,5,1.0,"[97.0, 57.5, 35.5, 277.5]",0.8,29.292057561622766,20260211_235629,3.5430641529965214,restaurant_k5_scene24,simulation/simulations/configs/restaurant_scene/restaurant_k5_scene24.json,restaurant,ok,"[96.76617482255308, 94.10811217713588, 40.7543892158971, 134.59075139196506, 322.93436350774795]"
1.0,1.0,1.0,0.5714285714285715,0,5,1.3312185246864203,"[2.4911299171770906, 0.17130713219575]",1.3312185246864203,SSZ,3,2,2,5,1.0,"[103.5, 250.5]",0.4,1.7656548923552233,20260211_235629,0.9675475109834224,restaurant_k5_scene35,simulation/simulations/configs/restaurant_scene/restaurant_k5_scene35.json,restaurant,ok,"[248.0088700828229, 206.78429416126488, 1.8676788394341692, 103.67130713219575, 122.79088024150373]"
0.6666666666666666,0.6666666666666666,0.3333333333333333,0.7499999999999999,0,5,16.815577070212573,"[9.99112991717709, 39.78429416126488, 0.67130713219575]",9.99112991717709,SRP-PHAT,2,3,3,5,1.0,"[103.0, 167.0, 258.0]",0.6,23.685884630567795,20260211_235629,0.46996549400500953,restaurant_k5_scene35,simulation/simulations/configs/restaurant_scene/restaurant_k5_scene35.json,restaurant,ok,"[248.0088700828229, 206.78429416126488, 1.8676788394341692, 103.67130713219575, 122.79088024150373]"
0.75,0.75,0.5,0.888888888888889,0,5,12.811162095553186,"[2.4911299171770906, 8.215705838735119, 1.32869286780425, 39.209119758496286]",5.353417877956105,GMDA,1,4,4,5,1.0,"[105.00000000000001, 250.5, 215.0, 162.0]",0.8,20.07999033656353,20260211_235629,3.361210449016653,restaurant_k5_scene35,simulation/simulations/configs/restaurant_scene/restaurant_k5_scene35.json,restaurant,ok,"[248.0088700828229, 206.78429416126488, 1.8676788394341692, 103.67130713219575, 122.79088024150373]"
0.2,0.4,0.0,1.0,0,5,34.4624637920728,"[10.364785259338987, 72.08037293812362, 6.816018170266034, 58.42250588301329, 24.628636709622107]",24.628636709622107,SSZ,0,5,5,5,1.0,"[199.5, 259.50000000000006, 143.5, 62.50000000000001, 284.5]",1.0,43.28793360717016,20260211_235629,0.8642179740127176,restaurant_k5_scene39,simulation/simulations/configs/restaurant_scene/restaurant_k5_scene39.json,restaurant,ok,"[133.135214740661, 127.41962706187638, 277.68398182973397, 201.07749411698674, 87.12863670962211]"
0.3333333333333333,0.3333333333333333,0.3333333333333333,0.7499999999999999,0,5,40.96337088544761,"[16.683981829733966, 2.077494116986742, 104.12863670962213]",16.683981829733966,SRP-PHAT,2,3,3,5,1.0,"[199.0, 261.0, 343.0]",0.6,60.897302114585976,20260211_235629,0.39480591198662296,restaurant_k5_scene39,simulation/simulations/configs/restaurant_scene/restaurant_k5_scene39.json,restaurant,ok,"[133.135214740661, 127.41962706187638, 277.68398182973397, 201.07749411698674, 87.12863670962211]"
0.4,0.6,0.2,1.0,0,5,16.05799324498135,"[8.135214740660999, 38.91962706187638, 11.683981829733966, 1.4225058830132866, 20.128636709622114]",11.683981829733966,GMDA,0,5,5,5,1.0,"[202.5, 266.0, 88.5, 67.0, 125.00000000000001]",1.0,20.61368506446587,20260211_235629,3.564638568001101,restaurant_k5_scene39,simulation/simulations/configs/restaurant_scene/restaurant_k5_scene39.json,restaurant,ok,"[133.135214740661, 127.41962706187638, 277.68398182973397, 201.07749411698674, 87.12863670962211]"
